{"RuleTriggered": 28, "Violations": 28, "Details": {"algo-1": {"cpu": {"p25": 41.08875, "p50": 42.795, "p75": 44.568125, "p95": 74.34612499999999, "upper": 49.78718750000001, "lower": 35.86968749999999}, "gpu0": {"p25": 0.0, "p50": 10.0, "p75": 27.0, "p95": 27.0, "upper": 30.0, "lower": 0.0}, "gpu0_memory": {"p25": 0.0, "p50": 8.0, "p75": 21.0, "p95": 22.0, "upper": 25.0, "lower": 0.0}}, "last_timestamp": 1676793780000000}, "Datapoints": 4402, "RuleParameters": "cpu_threshold_p95:70\ngpu_threshold_p95:70\ngpu_memory_threshold_p95:70\npatience:1000\nwindow:500"}