{"RuleTriggered": 0, "Violations": 0, "Details": {"pin_memory": false, "num_workers": 0, "cores": 4, "dataloaders": 1, "dataloading_time": {"p25": 0.4468215, "p50": 0.46809500000000004, "p95": 0.6319812499999999, "probs": [1, 0, 0, 0, 0, 0, 0, 0, 0, 0, 0, 1, 0, 0, 0, 0, 0, 0, 0, 0, 0, 0, 1, 0, 2, 0, 0, 0, 0, 0, 0, 0, 0, 0, 0, 1, 0, 0, 0, 0, 0, 0, 0, 1, 0, 0, 0, 0, 0, 1, 0, 0, 0, 0, 0, 0, 0, 0, 0, 0, 0, 0, 0, 0, 0, 0, 0, 0, 0, 0, 0, 1, 0, 0, 0, 0, 0, 0, 0, 0, 0, 0, 0, 0, 0, 0, 0, 0, 0, 0, 0, 0, 0, 0, 0, 0, 0, 0, 0, 1], "binedges": [0.38161, 0.38448269, 0.38735538, 0.39022807, 0.39310076, 0.39597345, 0.39884614, 0.40171883, 0.40459152, 0.40746421, 0.4103369, 0.41320959, 0.41608228, 0.41895497, 0.42182766, 0.42470035, 0.42757304, 0.43044572999999997, 0.43331842, 0.43619111, 0.4390638, 0.44193649, 0.44480918, 0.44768187, 0.45055456, 0.45342725, 0.45629994, 0.45917262999999997, 0.46204532, 0.46491801, 0.4677907, 0.47066339, 0.47353608, 0.47640877, 0.47928146, 0.48215415, 0.48502684, 0.48789952999999997, 0.49077222, 0.49364491, 0.4965176, 0.49939029, 0.50226298, 0.50513567, 0.50800836, 0.5108810500000001, 0.51375374, 0.51662643, 0.51949912, 0.52237181, 0.5252445, 0.52811719, 0.53098988, 0.5338625699999999, 0.5367352599999999, 0.53960795, 0.54248064, 0.54535333, 0.54822602, 0.55109871, 0.5539714, 0.55684409, 0.55971678, 0.56258947, 0.56546216, 0.5683348500000001, 0.57120754, 0.57408023, 0.57695292, 0.57982561, 0.5826983, 0.58557099, 0.58844368, 0.5913163699999999, 0.5941890599999999, 0.59706175, 0.59993444, 0.60280713, 0.60567982, 0.60855251, 0.6114252, 0.61429789, 0.61717058, 0.62004327, 0.62291596, 0.62578865, 0.62866134, 0.63153403, 0.63440672, 0.63727941, 0.6401521, 0.64302479, 0.6458974799999999, 0.6487701699999999, 0.6516428599999999, 0.65451555, 0.65738824, 0.66026093, 0.66313362, 0.66600631, 0.668879]}}, "Datapoints": 10, "RuleParameters": "min_threshold:70\nmax_threshold:200"}