{"RuleTriggered": 0, "Violations": 32, "Details": {"low_gpu_utilization": 2175, "bottlenecks": {"1676793858.500329": {"GPUs": 1, "CPUs": 1}, "1676793860.500322": {"GPUs": 1, "CPUs": 1}, "1676793867.000301": {"GPUs": 1, "CPUs": 1}, "1676793868.500308": {"GPUs": 1, "CPUs": 1}, "1676793883.000328": {"GPUs": 1, "CPUs": 1}, "1676793884.000321": {"GPUs": 1, "CPUs": 1}, "1676793895.500301": {"GPUs": 1, "CPUs": 1}, "1676794055.000312": {"GPUs": 1, "CPUs": 1}, "1676794056.000322": {"GPUs": 1, "CPUs": 1}, "1676794058.500355": {"GPUs": 1, "CPUs": 1}, "1676794059.500296": {"GPUs": 1, "CPUs": 1}, "1676794060.00032": {"GPUs": 1, "CPUs": 1}, "1676794061.000326": {"GPUs": 1, "CPUs": 1}, "1676794061.500341": {"GPUs": 1, "CPUs": 1}, "1676794062.000301": {"GPUs": 1, "CPUs": 1}, "1676794062.500318": {"GPUs": 1, "CPUs": 1}, "1676794063.00032": {"GPUs": 1, "CPUs": 1}, "1676794063.500352": {"GPUs": 1, "CPUs": 1}, "1676794064.000297": {"GPUs": 1, "CPUs": 1}, "1676794064.500306": {"GPUs": 1, "CPUs": 1}, "1676794065.000304": {"GPUs": 1, "CPUs": 1}, "1676794065.500306": {"GPUs": 1, "CPUs": 1}, "1676794078.500302": {"GPUs": 1, "CPUs": 1}, "1676794079.000335": {"GPUs": 1, "CPUs": 1}, "1676794079.500319": {"GPUs": 1, "CPUs": 1}, "1676794082.000329": {"GPUs": 1, "CPUs": 1}, "1676794794.500305": {"GPUs": 1, "CPUs": 1}, "1676794795.000326": {"GPUs": 1, "CPUs": 1}, "1676794795.500332": {"GPUs": 1, "CPUs": 1}, "1676795001.500706": {"GPUs": 1, "CPUs": 1}, "1676795893.500323": {"GPUs": 1, "CPUs": 1}, "1676795894.50033": {"GPUs": 1, "CPUs": 1}}}, "Datapoints": 4405, "RuleParameters": "threshold:50\nio_threshold:50\ngpu_threshold:10\npatience:1000"}