{"RuleTriggered": 0, "Violations": 0, "Details": {"step_num": {"first": 1676794076151231, "last": 1676795999971863}, "job_start": 1676793798.500369, "job_end": 1676795999.500851}, "Datapoints": 5252, "RuleParameters": "threshold:20"}