{"RuleTriggered": 0, "Violations": 0, "Details": {"ratio": {"gpu_functions-dev:0": 50.30260026100897, "cpu_functions": 49.69739973899104}, "phase": {"Step:ModeKeys.TRAIN": 9.644954271837788, "others": 89.41099593691031, "Step:ModeKeys.EVAL": 0.9440497912519058}, "phase_time": {}, "CPU": {"aten::conv2d": 23.3759431263033, "aten::convolution": 23.373012201793433, "aten::_convolution": 23.370761337110697, "aten::cudnn_convolution": 23.36740637529686, "enumerate(DataLoader)#_SingleProcessDataLoaderIter.__next__": 6.512876959495719}, "CPU_total": {"aten::conv2d": 17530415, "aten::convolution": 17528217, "aten::_convolution": 17526529, "aten::cudnn_convolution": 17524013, "enumerate(DataLoader)#_SingleProcessDataLoaderIter.__next__": 4884228}, "GPU": {"aten::conv2d": 23.396644965356845, "aten::convolution": 23.395509335417003, "aten::_convolution": 23.39456560590681, "aten::cudnn_convolution": 23.39332745381962, "enumerate(DataLoader)#_SingleProcessDataLoaderIter.__next__": 6.419952639499717}, "GPU_total": {"aten::conv2d": 17800430, "aten::convolution": 17799566, "aten::_convolution": 17798848, "aten::cudnn_convolution": 17797906, "enumerate(DataLoader)#_SingleProcessDataLoaderIter.__next__": 4884372}, "general": {"DataLoaderIterInitialize": 0.001966869404182754, "DataLoaderIter": 4.396687452036875, "Forward": 95.60134567855894}}, "Datapoints": 0, "RuleParameters": ""}