{"RuleTriggered": 19, "Violations": 334, "Details": {"step_details": {"algo-1-27": {"step_stats": {"mean": 0.010152436634717786, "max": 0.840935, "p99": 0.0107936, "p95": 0.01013, "p50": 0.007926, "min": 0.007543}, "number_of_outliers": 2, "phase": "Step:ModeKeys.EVAL", "stddev": 0.04, "probs": [5, 28, 57, 96, 143, 126, 96, 51, 21, 11, 9, 10, 10, 5, 4, 6, 3, 5, 5, 6, 6, 5, 6, 3, 4, 5, 8, 6, 4, 5, 6, 6, 4, 3, 4, 8, 13, 18, 23, 32, 29, 17, 7, 4, 0, 2, 0, 2, 1, 1, 0, 0, 1, 0, 0, 0, 1, 0, 0, 1, 1, 0, 0, 0, 0, 0, 0, 0, 0, 0, 0, 0, 0, 0, 0, 0, 1, 0, 0, 0, 0, 0, 0, 0, 0, 0, 0, 0, 0, 1, 0, 0, 0, 0, 0, 0, 1, 0, 0, 1], "binedges": [0.007543, 0.0076063, 0.0076696, 0.0077329, 0.0077962000000000005, 0.0078595, 0.0079228, 0.0079861, 0.0080494, 0.0081127, 0.008176, 0.0082393, 0.0083026, 0.0083659, 0.0084292, 0.0084925, 0.0085558, 0.008619100000000001, 0.0086824, 0.0087457, 0.008809, 0.0088723, 0.0089356, 0.0089989, 0.0090622, 0.0091255, 0.0091888, 0.0092521, 0.0093154, 0.0093787, 0.009442, 0.0095053, 0.0095686, 0.0096319, 0.009695200000000001, 0.0097585, 0.0098218, 0.0098851, 0.0099484, 0.0100117, 0.010075, 0.0101383, 0.0102016, 0.0102649, 0.0103282, 0.0103915, 0.0104548, 0.010518099999999999, 0.0105814, 0.0106447, 0.010708, 0.0107713, 0.0108346, 0.0108979, 0.0109612, 0.0110245, 0.0110878, 0.0111511, 0.0112144, 0.0112777, 0.011341, 0.0114043, 0.0114676, 0.0115309, 0.011594199999999999, 0.0116575, 0.0117208, 0.011784099999999999, 0.011847400000000001, 0.0119107, 0.011973999999999999, 0.0120373, 0.0121006, 0.0121639, 0.0122272, 0.0122905, 0.0123538, 0.0124171, 0.0124804, 0.0125437, 0.012607, 0.012670299999999999, 0.0127336, 0.0127969, 0.012860199999999999, 0.012923500000000001, 0.0129868, 0.013050099999999999, 0.0131134, 0.0131767, 0.01324, 0.0133033, 0.0133666, 0.0134299, 0.0134932, 0.013556499999999999, 0.0136198, 0.0136831, 0.013746399999999999, 0.0138097, 0.013873], "step_numbers": ["0", "500"]}}, "ratio": {}, "phase": {"Step:ModeKeys.TRAIN": 94.47192226119931, "Step:ModeKeys.EVAL": 5.528077738800685}, "phase_time": {}, "general": {"Forward": 100.0}}, "Datapoints": 5252, "RuleParameters": "threshold:3\nmode:None\nn_outliers:10\nstddev:3"}